<?xml version="1.0" encoding="UTF-8"?>

<!-- 
 * PopulateDatabase.xml
 *
 * Copyright (C) 2017 Universidad de Sevilla
 * 
 * The use of this project is hereby constrained to the conditions of the 
 * TDG Licence, a copy of which you may download from 
 * http://www.tdg-seville.info/License.html
 -->

<beans xmlns="http://www.springframework.org/schema/beans"
	xmlns:xsi="http://www.w3.org/2001/XMLSchema-instance"
	xsi:schemaLocation="
		http://www.springframework.org/schema/beans http://www.springframework.org/schema/beans/spring-beans.xsd
	">
	
	<!-- User accounts -->

	<bean id="userAccount1" class="security.UserAccount">
		<property name="username" value="admin" />
		<property name="password" value="21232f297a57a5a743894a0e4a801fc3" />
		<property name="authorities">
			<list>
				<bean class="security.Authority">
					<property name="authority" value="ADMIN" />
				</bean>
			</list>
		</property>
	</bean>
	
	<bean id="userAccount2" class="security.UserAccount">
		<property name="username" value="student1" />
		<property name="password" value="5e5545d38a68148a2d5bd5ec9a89e327" />
		<property name="authorities">
			<list>
				<bean class="security.Authority">
					<property name="authority" value="STUDENT" />
				</bean>
			</list>
		</property>
	</bean>
	
	<bean id="userAccount3" class="security.UserAccount">
		<property name="username" value="student2" />
		<property name="password" value="213ee683360d88249109c2f92789dbc3" />
		<property name="authorities">
			<list>
				<bean class="security.Authority">
					<property name="authority" value="STUDENT" />
				</bean>
			</list>
		</property>
	</bean>
	
	<bean id="userAccount4" class="security.UserAccount">
		<property name="username" value="student3" />
		<property name="password" value="8e4947690532bc44a8e41e9fb365b76a" />
		<property name="authorities">
			<list>
				<bean class="security.Authority">
					<property name="authority" value="STUDENT" />
				</bean>
			</list>
		</property>
	</bean>
	
	<bean id="userAccount5" class="security.UserAccount">
		<property name="username" value="teacher1" />
		<property name="password" value="41c8949aa55b8cb5dbec662f34b62df3" />
		<property name="authorities">
			<list>
				<bean class="security.Authority">
					<property name="authority" value="TEACHER" />
				</bean>
			</list>
		</property>
	</bean>
	
	<bean id="userAccount6" class="security.UserAccount">
		<property name="username" value="teacher2" />
		<property name="password" value="ccffb0bb993eeb79059b31e1611ec353" />
		<property name="authorities">
			<list>
				<bean class="security.Authority">
					<property name="authority" value="TEACHER" />
				</bean>
			</list>
		</property>
	</bean>
	
	<bean id="userAccount7" class="security.UserAccount">
		<property name="username" value="teacher3" />
		<property name="password" value="82470256ea4b80343b27afccbca1015b" />
		<property name="authorities">
			<list>
				<bean class="security.Authority">
					<property name="authority" value="TEACHER" />
				</bean>
			</list>
		</property>
	</bean>
	
	<bean id="userAccount8" class="security.UserAccount">
		<property name="username" value="sponsor1" />
		<property name="password" value="42c63ad66d4dc07ed17753772bef96d6" />
		<property name="authorities">
			<list>
				<bean class="security.Authority">
					<property name="authority" value="SPONSOR" />
				</bean>
			</list>
		</property>
	</bean>
	
	<bean id="userAccount9" class="security.UserAccount">
		<property name="username" value="sponsor2" />
		<property name="password" value="3dc67f80a03324e01b1640f45d107485" />
		<property name="authorities">
			<list>
				<bean class="security.Authority">
					<property name="authority" value="SPONSOR" />
				</bean>
			</list>
		</property>
	</bean>

	
	<!-- Admins -->
	
	<bean class="domain.Admin" id="admin1">
	<property name="name" value="Manuel" />
	<property name="surname" value="Bartual Moreno" />
	<property name="email" value="admintodopoderoso@email.com"/>
	<property name="phone" value=""/>	
	<property name="address" value=""/>
	<property name="dateBirth" value="1957/05/22"/>
	
	<property name="userAccount" ref="userAccount1"/>
	
	<property name="folders">
	<list>
	<ref bean="folder1"/>
	<ref bean="folder10"/>
	<ref bean="folder19"/>
	</list>
	</property>
	<property name="sentMessages">
	<list>
	</list>
	</property>
	<property name="receivedMessages">
	<list>
	</list>
	</property>
	
	</bean>
	
<!-- STUDENTS -->	
	<!-- Student1 -->
	<bean class="domain.Student" id="student1">
		<property name="name" value="Julio" />
		<property name="surname" value="Sanabria" />
		<property name="email" value="illojulio@email.com"/>
		<property name="phone" value="902242526"/>	
		<property name="dateBirth" value = "30/10/1995"/>
		<property name="address" value="Avenida séptima nº5"/>
		<property name="userAccount" ref="userAccount2"/>
		<property name="score" value="200"/>
		<property name="tutorials">
			<list>
				<ref bean="tutorial1" />
				<ref bean="tutorial2" />
			</list>
		</property>	
		<property name="lessons"> <!-- Estos son las lecciones leidas por un estudiante -->
			<list>
				<ref bean="lesson1" />
			</list>
		</property>	
		<property name="questions">
			<list>
				<ref bean="question1" />
				<ref bean="question2" />
				<ref bean="question3" />
			</list>
		</property>	
		<property name="subscriptions">
			<list>
				<ref bean="subscription1" />
				<ref bean="subscription2" />
			</list>
		</property>	
		<property name="certifications">
			<list>
				<ref bean="certification1" />
			</list>
		</property>	
		<property name="examPapers">
			<list>
				<ref bean="examPaper1" />
			</list>
		</property>	
		<property name="answers">
			<list>
			</list>
		</property>	
		<property name="folders">
		<list>
			<ref bean="folder2"/>
			<ref bean="folder11"/>
			<ref bean="folder20"/>
		</list>
		</property>
		<property name="sentMessages">
		<list>
		</list>
		</property>
		<property name="receivedMessages">
		<list>
		</list>
		</property>
	</bean>
	
	<!-- Student2 -->
	<bean class="domain.Student" id="student2">
		<property name="name" value="Raul" />
		<property name="surname" value="Cassandra" />
		<property name="email" value="raulcasa@email.com"/>
		<property name="phone" value="+902242526"/>	
		<property name="dateBirth" value = "30/10/1996"/>
		<property name="address" value="Calle Ernest Hemingway nº48"/>
		<property name="userAccount" ref="userAccount3"/>
		<property name="score" value="1000"/>
		<property name="tutorials">
			<list>
			</list>
		</property>	
		<property name="lessons"> 
			<list>
				<ref bean="lesson2" />
				<ref bean="lesson3" />				
			</list>
		</property>	
		<property name="questions">
			<list>
			</list>
		</property>	
		<property name="subscriptions">
			<list>
			<ref bean="subscription3" />
			</list>
		</property>	
		<property name="certifications">
			<list>
			</list>
		</property>	
		<property name="examPapers">
			<list>
				<ref bean="examPaper3" />
			</list>
		</property>	
		<property name="answers">
			<list>
				<ref bean="answer1"/>
				<ref bean="answer4"/>		
			</list>
		</property>	
		<property name="folders">
		<list>
			<ref bean="folder3"/>
			<ref bean="folder12"/>
			<ref bean="folder21"/>
		</list>
		</property>
		<property name="sentMessages">
		<list>
		</list>
		</property>
		<property name="receivedMessages">
		<list>
		</list>
		</property>
	</bean>
	
	<!-- Student3 -->
	<bean class="domain.Student" id="student3">
		<property name="name" value="Rodrigo" />
		<property name="surname" value="Flores" />
		<property name="email" value="rodrigoflores@email.com"/>
		<property name="phone" value="677895643"/>	
		<property name="dateBirth" value = "05/10/1975"/>
		<property name="address" value="Calle 8 de 9"/>
		<property name="userAccount" ref="userAccount4"/>
		<property name="score" value="1000"/>
		<property name="tutorials">
			<list>
			</list>
		</property>	
		<property name="lessons"> 
			<list>
			</list>
		</property>	
		<property name="questions">
			<list>
			</list>
		</property>	
		<property name="subscriptions">
			<list>
			</list>
		</property>	
		<property name="certifications">
			<list>
			</list>
		</property>	
		<property name="examPapers">
			<list>
				<ref bean="examPaper2" />
			</list>
		</property>	
		<property name="answers">
			<list>
				<ref bean="answer2"/>
				<ref bean="answer5"/>		
			</list>
		</property>	
		<property name="folders">
		<list>
			<ref bean="folder4"/>
			<ref bean="folder13"/>
			<ref bean="folder22"/>
		</list>
		</property>
		<property name="sentMessages">
		<list>
		</list>
		</property>
		<property name="receivedMessages">
		<list>
		</list>
		</property>
	</bean>

<!-- TEACHERS -->
	<!-- Teacher1 -->
	<bean class="domain.Teacher" id="teacher1">
		<property name="name" value="Francisco" />
		<property name="surname" value="Pérez" />
		<property name="email" value="franciscoPerez@email.com"/>
		<property name="phone" value="666777222"/>	
		<property name="dateBirth" value = "05/10/1975"/>
		<property name="address" value="Calle Marzo nº15"/>
		<property name="userAccount" ref="userAccount5"/>
		<property name="contactInfo" ref="contactInfo1"/>
		<property name="tutorials">
			<list>
				<ref bean="tutorial1" />
				<ref bean="tutorial2" />
			</list>
		</property>
		<property name="lessons">
			<list>
				<ref bean="lesson1" />
			</list>
		</property>
		<property name="exams">
			<list>
				<ref bean="exam1" />
			</list>
		</property>
		<property name="coursesCreated">
			<list>
				<ref bean="course1"/>
				<ref bean="course2"/>
			</list>
		</property>
		<property name="coursesJoined">
			<list>
				<ref bean="course1"/>
				<ref bean="course2"/>
			</list>
		</property>
		<property name="answers">
			<list>
			</list>
		</property>	
		<property name="curriculum" ref="curriculum1"/>
		<property name="folders">
		<list>
			<ref bean="folder5"/>
			<ref bean="folder14"/>
			<ref bean="folder23"/>
		</list>
		</property>
		<property name="sentMessages">
		<list>
		</list>
		</property>
		<property name="receivedMessages">
		<list>
		</list>
		</property>
	</bean>
	
	<!-- Teacher2 -->
	<bean class="domain.Teacher" id="teacher2">
		<property name="name" value="María del Carmen" />
		<property name="surname" value="López" />
		<property name="email" value="maricarmenLopez@email.com"/>
		<property name="phone" value="658993285"/>	
		<property name="dateBirth" value = "05/10/1975"/>
		<property name="address" value="Calle Mayo 26"/>
		<property name="userAccount" ref="userAccount6"/>
		<property name="contactInfo" ref="contactInfo2"/>
		<property name="tutorials">
			<list>
			</list>
		</property>
		<property name="lessons">
			<list>
			<ref bean="lesson2"/>
			<ref bean="lesson3"/>
			</list>
		</property>
		<property name="exams">
			<list>
			<ref bean="exam2"/>
			</list>
		</property>
		<property name="coursesCreated">
			<list>
			<ref bean="course3"/>
			</list>
		</property>
		<property name="coursesJoined">
			<list>
			<ref bean="course1"/>
			<ref bean="course3"/>	
			</list>
		</property>
		<property name="answers">
			<list>
		<ref bean="answer3"/>
			</list>
		</property>	
		<property name="curriculum" ref="curriculum2"/>
		<property name="folders">
		<list>
			<ref bean="folder6"/>
			<ref bean="folder15"/>
			<ref bean="folder24"/>
		</list>
		</property>
		<property name="sentMessages">
		<list>
		</list>
		</property>
		<property name="receivedMessages">
		<list>
		</list>
		</property>
	</bean>
	
	<!-- Teacher3 -->
	<bean class="domain.Teacher" id="teacher3">
		<property name="name" value="Juana" />
		<property name="surname" value="Fito" />
		<property name="email" value="juanaFito@email.com"/>
		<property name="phone" value="+654445634"/>	
		<property name="dateBirth" value = "05/10/1975"/>
		<property name="address" value="Calle de los Mares"/>
		<property name="userAccount" ref="userAccount7"/>
		<property name="contactInfo"> <null/></property>
		<property name="tutorials">
			<list>
			</list>
		</property>
		<property name="lessons">
			<list>
			</list>
		</property>
		<property name="exams">
			<list>
			</list>
		</property>
		<property name="coursesCreated">
			<list>
			</list>
		</property>
		<property name="coursesJoined">
			<list>
			</list>
		</property>
		<property name="answers">
			<list>
			</list>
		</property>	
		<property name="curriculum"> <null/></property>
		<property name="folders">
		<list>
			<ref bean="folder7"/>
			<ref bean="folder16"/>
			<ref bean="folder25"/>
		</list>
		</property>
		<property name="sentMessages">
		<list>
		</list>
		</property>
		<property name="receivedMessages">
		<list>
		</list>
		</property>
	</bean>
	
<!-- SPONSORS -->	
	<!-- Sponsor1 -->
	<bean class="domain.Sponsor" id="sponsor1">
		<property name="name" value="Manuel" />
		<property name="surname" value="Estéban" />
		<property name="email" value="manuEsteban@email.com"/>
		<property name="phone" value="699887767"/>	
		<property name="dateBirth" value = "05/10/1975"/>
		<property name="address" value="Plaza de los Palomares"/>
		<property name="userAccount" ref="userAccount8"/>
		<property name="folders">
		<list>
			<ref bean="folder8"/>
			<ref bean="folder17"/>
			<ref bean="folder26"/>
			</list>
			</property>
		<property name="sentMessages">
		<list>
		</list>
		</property>
		<property name="receivedMessages">
		<list>
		</list>
		</property>
		<property name="advertisements">
		<list>
			<ref bean="advertisement1"/>
			<ref bean="advertisement3"/>
		</list>
		</property>
	</bean>
	
	<!-- Sponsor2 -->
	<bean class="domain.Sponsor" id="sponsor2">
		<property name="name" value="Violeta" />
		<property name="surname" value="Morón" />
		<property name="email" value="violetaMoron@email.com"/>
		<property name="phone" value="655437865"/>	
		<property name="dateBirth" value = "05/10/1975"/>
		<property name="address" value="Avenida de los Gitanos"/>
		<property name="userAccount" ref="userAccount9"/>
		<property name="folders">
		<list>
			<ref bean="folder9"/>
			<ref bean="folder18"/>
			<ref bean="folder27"/>
		</list>
		</property>
		<property name="sentMessages">
		<list>
		</list>
		</property>
		<property name="receivedMessages">
		<list>
		</list>
		</property>
		<property name="advertisements">
		<list>
			<ref bean="advertisement2"/>
		</list>
		</property>
	</bean>
	
<!-- CONTACT INFO -->
	<!-- contactInfo1 -->
	<bean class="domain.ContactInfo" id="contactInfo1">
		<property name="skype" value="JohnTron_153" />
		<property name="comments" value="Podré responder sus consultas en horario de tarde" />
		<property name="contactPhone" value="954768345" />
		<property name="links">
		<list>
		<value>https://calendly.com/</value>
		</list>
		</property>	
	</bean>
	
	<!-- contactInfo2 -->
	<bean class="domain.ContactInfo" id="contactInfo2">
		<property name="skype" value="Zacarias_89" />
		<property name="comments" value="Podré responder sus consultas en horario de mañana" />
		<property name="contactPhone" value="954245764" />
		<property name="links">
		<list>
		<value>https://calendly.com/</value>
		</list>
		</property>	
	</bean>

<!-- TUTORIAL -->
	<!-- tutorial1 -->
	<bean class="domain.Tutorial" id="tutorial1">
		<property name="startTime" value="2018/07/03 19:30" />
		<property name="teacher" ref="teacher1"/>
		<property name="student" ref="student1"/>
	</bean>
	
	<!-- tutorial2 -->
	<bean class="domain.Tutorial" id="tutorial2">
		<property name="startTime" value="2018/06/29 18:45" />
		<property name="teacher" ref="teacher1"/>
		<property name="student" ref="student1"/>
	</bean>

<!-- CURRICULUM -->	
	<!-- curriculum1 -->
	<bean class="domain.Curriculum" id="curriculum1">
		<property name="ticker" value="ticker1" />
		<property name="teacher" ref="teacher1"/>
		<property name="personalRecord" ref="personalRecord1"> </property>
		<property name="professionalRecords">
			<list>
				<ref bean="professionalRecord1" />
				<ref bean="professionalRecord2" />
			</list>
		</property>
		<property name="educationRecord">
			<list>
				<ref bean="educationRecord1" />
				<ref bean="educationRecord2" />
			</list>
		</property>
		<property name="miscellaneousRecord">
			<list>
				<ref bean="miscellaneousRecord1" />
			</list>
		</property>
	</bean>
	
	<!-- curriculum2 -->
	<bean class="domain.Curriculum" id="curriculum2">
		<property name="ticker" value="ticker2" />
		<property name="teacher" ref="teacher2"/>
		<property name="personalRecord" ref="personalRecord2"> </property>
		<property name="professionalRecords">
			<list>
				<ref bean="professionalRecord3" />
			</list>
		</property>
		<property name="educationRecord">
			<list>
				<ref bean="educationRecord3" />
			</list>
		</property>
		<property name="miscellaneousRecord">
			<list>
				<ref bean="miscellaneousRecord2" />
			</list>
		</property>
	</bean>
	
	<!-- PersonalRecords -->
	<bean class="domain.PersonalRecord" id="personalRecord1">
		<property name="name" value="Francisco" />
		<property name="surname" value="Pérez" />
		<property name="linkPhoto" value="https://flickr.com/personalRecord1" />
		<property name="email" value="franciscoPerez@email.com" />
		<property name="phone" value="666777222" />
		<property name="linkedInProfile" value="https://linkedin.com/personalRecord1" />
	</bean>

	<bean class="domain.PersonalRecord" id="personalRecord2">
		<property name="name" value="María del Carmen" />
		<property name="surname" value="López" />
		<property name="linkPhoto" value="https://flickr.com/personalRecord2" />
		<property name="email" value="maricarmenLopez@email.com" />
		<property name="phone" value="658993285" />
		<property name="linkedInProfile" value="https://linkedin.com/personalRecord2" />
	</bean>


	<!-- ProfessionalRecords -->
	<bean class="domain.ProfessionalRecord" id="professionalRecord1">
		<property name="companyName" value="Company1" />
		<property name="startDate" value="2000/05/03" />
		<property name="endDate" value="2013/11/21" />
		<property name="role" value="Role1" />
		<property name="linkAttachment" value="https://company1.com/professionalRecord1" />
		<property name="comments">
			<list>
				<value>Comment1</value>
				<value>Comment2</value>
			</list>
		</property>
	</bean>

	<bean class="domain.ProfessionalRecord" id="professionalRecord2">
		<property name="companyName" value="Company2" />
		<property name="startDate" value="1997/09/19" />
		<property name="endDate" value="2015/12/07" />
		<property name="role" value="Role2" />
		<property name="linkAttachment" value="https://company2.com/professionalRecord2" />
		<property name="comments">
			<list>
			</list>
		</property>
	</bean>


	<bean class="domain.ProfessionalRecord" id="professionalRecord3">
		<property name="companyName" value="Company3" />
		<property name="startDate" value="2003/05/15" />
		<property name="endDate" value="2010/11/08" />
		<property name="role" value="Role3" />
		<property name="linkAttachment" value="https://company3.com/professionalRecord3" />
		<property name="comments">
			<list>
				<value>Comment1</value>
				<value>Comment2</value>
			</list>
		</property>
	</bean>


	<!-- EducationRecords -->


	<bean class="domain.EducationRecord" id="educationRecord1">
		<property name="diplomaTitle" value="diplomaTitle1" />
		<property name="startDate" value="2010/05/10" />
		<property name="endDate" value="2012/02/12" />
		<property name="institutionName" value="institutionName1" />
		<property name="linkAttachment" value="https://diploma.com/educationRecord1" />
		<property name="comments">
			<list>
				<value>This is Comment1</value>
				<value>This is Comment2</value>
			</list>
		</property>
	</bean>

	<bean class="domain.EducationRecord" id="educationRecord2">
		<property name="diplomaTitle" value="diplomaTitle2" />
		<property name="startDate" value="2007/05/01" />
		<property name="endDate" value="2014/12/21" />
		<property name="institutionName" value="institutionName2" />
		<property name="linkAttachment" value="https://diploma.com/educationRecord2" />
		<property name="comments">
			<list>
				<value>This is Comment1</value>
				<value>This is Comment2</value>
			</list>
		</property>
	</bean>

	<bean class="domain.EducationRecord" id="educationRecord3">
		<property name="diplomaTitle" value="diplomaTitle3" />
		<property name="startDate" value="2010/05/05" />
		<property name="endDate" value="2015/01/12" />
		<property name="institutionName" value="institutionName3" />
		<property name="linkAttachment" value="https://diploma.com/educationRecord3" />
		<property name="comments">
			<list>
				<value>This is Comment1</value>
				<value>This is Comment2</value>
			</list>
		</property>
	</bean>
	
	<!-- MiscellaneousRecords -->
	<bean class="domain.MiscellaneousRecord" id="miscellaneousRecord1">
		<property name="title" value="title1" />
		<property name="linkAttachment"
			value="https://miscellanous.com/miscellaneousRecord1" />
		<property name="comments">
			<list>
				<value>This is Comment1</value>
				<value>This is Comment2</value>
			</list>
		</property>
	</bean>

	<bean class="domain.MiscellaneousRecord" id="miscellaneousRecord2">
		<property name="title" value="title2" />
		<property name="linkAttachment"
			value="https://miscellanous.com/miscellaneousRecord2" />
			<property name="comments">
			<list>
			</list>
		</property>
	</bean>
	
	<!-- Advertisements -->
	
	<bean class="domain.Advertisement" id="advertisement1">
		<property name="title" value="anuncio 1" />
		<property name="bannerURL" value="https://images.telepizza.com/vol/es/images/content/productos/pule_c.png"/>
		<property name="targetURL" value="https://www.telepizza.es/productos/pizzas"/>
		<property name="creditCard" ref="creditCard1"/>
		<property name="sponsor" ref="sponsor1"/>
		<property name="courses">
			<list>
				<ref bean="course1"/>
				<ref bean="course3"/>
			</list>
		</property>
	</bean>
	
	
	<bean class="domain.Advertisement" id="advertisement2">
		<property name="title" value="anuncio 2" />
		<property name="bannerURL" value="https://cdn.adguard.com/public/Adguard/En/Articles/fake-popup.png"/>
		<property name="targetURL" value="https://adguard.com/en/article/popups-blocker.html"/>
		<property name="creditCard" ref="creditCard2"/>
		<property name="sponsor" ref="sponsor2"/>
		<property name="courses">
			<list>
				<ref bean="course1"/>
			</list>
		</property>
	</bean>
	
	
	<bean class="domain.Advertisement" id="advertisement3">
		<property name="title" value="anuncio 3" />
		<property name="bannerURL" value="http://www.nyx.net/~cmeador/public/snakesonmyplane.jpg"/>
		<property name="targetURL" value="https://www.reddit.com/r/fakebadads/"/>
		<property name="creditCard" ref="creditCard1"/>
		<property name="sponsor" ref="sponsor1"/>
		<property name="courses">
			<list>
				<ref bean="course1"/>
			</list>
		</property>
</bean>
	
<!-- CreditCards -->

	<!-- CreditCard1 -->
	
	<bean class="domain.CreditCard" id="creditCard1">
		<property name="holderName" value="Manuel Esteban" />
		<property name="brandName" value="Mastercard" />
		<property name="number" value="342737357334600"  />
		<property name="expirationMonth" value="11" />
		<property name="expirationYear" value="25" />
		<property name="CVV" value="341" />
	</bean>
	<!-- CreditCard2 -->
	
	<bean class="domain.CreditCard" id="creditCard2">
		<property name="holderName" value="Violeta Moron" />
		<property name="brandName" value="American Express" />
		<property name="number" value="373695017560885"  />
		<property name="expirationMonth" value="8" />
		<property name="expirationYear" value="22" />
		<property name="CVV" value="211" />
	</bean>
	
		<bean class="domain.CreditCard" id="creditCard3">
		<property name="holderName" value="Persona Ficticia" />
		<property name="brandName" value="Visa" />
		<property name="number" value="1111222233334444"  />
		<property name="expirationMonth" value="2" />
		<property name="expirationYear" value="24" />
		<property name="CVV" value="531" />
	</bean>
		
		
<!-- Customisation -->

	<bean class="domain.Customisation" id="customisation1">
		<property name="bannerEs" value = "Bienvenidos a Acme-Usera" />
		<property name="bannerEn" value = "Welcome to Acme-Usera" />
		<property name="standardPrice" value = "30" />
		<property name="premiumPrice" value = "70" />
		<property name="conversionRate" value = "0.01" />
	</bean>

	
	
<!-- FOLDERS -->
	<!-- Folders -->
	<bean class="domain.Folder" id="folder1">
	<property name="name" value="in box" />
	<property name="isSystem" value="true" />
	<property name="messages">
		<list>
		</list>
	</property>
	</bean>
	
	<bean class="domain.Folder" id="folder2">
	<property name="name" value="in box" />
	<property name="isSystem" value="true" />
	<property name="messages">
		<list>
		</list>
	</property>
	</bean>
	
	<bean class="domain.Folder" id="folder3">
	<property name="name" value="in box" />
	<property name="isSystem" value="true" />
	<property name="messages">
		<list>
		</list>
	</property>
	</bean>
		
	<bean class="domain.Folder" id="folder4">
	<property name="name" value="in box" />
	<property name="isSystem" value="true" />
	<property name="messages">
		<list>
		</list>
	</property>
	</bean>
	
	<bean class="domain.Folder" id="folder5">
	<property name="name" value="in box" />
	<property name="isSystem" value="true" />
	<property name="messages">
		<list>
		</list>
	</property>
	</bean>
	
	<bean class="domain.Folder" id="folder6">
	<property name="name" value="in box" />
	<property name="isSystem" value="true" />
	<property name="messages">
		<list>
		</list>
	</property>
	</bean>
	
	<bean class="domain.Folder" id="folder7">
	<property name="name" value="in box" />
	<property name="isSystem" value="true" />
	<property name="messages">
		<list>
		</list>
	</property>
	</bean>
	
	<bean class="domain.Folder" id="folder8">
	<property name="name" value="in box" />
	<property name="isSystem" value="true" />
	<property name="messages">
		<list>
		</list>
	</property>
	</bean>
	
	<bean class="domain.Folder" id="folder9">
	<property name="name" value="in box" />
	<property name="isSystem" value="true" />
	<property name="messages">
		<list>
		</list>
	</property>
	</bean>

	<bean class="domain.Folder" id="folder10">
	<property name="name" value="out box" />
	<property name="isSystem" value="true" />
	<property name="messages">
		<list>
		</list>
	</property>
	</bean>
	
	<bean class="domain.Folder" id="folder11">
	<property name="name" value="out box" />
	<property name="isSystem" value="true" />
	<property name="messages">
		<list>
		</list>
	</property>
	</bean>
	
	<bean class="domain.Folder" id="folder12">
	<property name="name" value="out box" />
	<property name="isSystem" value="true" />
	<property name="messages">
		<list>
		</list>
	</property>
	</bean>
	
	<bean class="domain.Folder" id="folder13">
	<property name="name" value="out box" />
	<property name="isSystem" value="true" />
	<property name="messages">
		<list>
		</list>
	</property>
	</bean>
		
	<bean class="domain.Folder" id="folder14">
	<property name="name" value="out box" />
	<property name="isSystem" value="true" />
	<property name="messages">
		<list>
		</list>
	</property>
	</bean>
	
	<bean class="domain.Folder" id="folder15">
	<property name="name" value="out box" />
	<property name="isSystem" value="true" />
	<property name="messages">
		<list>
		</list>
	</property>
	</bean>
	
	<bean class="domain.Folder" id="folder16">
	<property name="name" value="out box" />
	<property name="isSystem" value="true" />
	<property name="messages">
		<list>
		</list>
	</property>
	</bean>
	
	<bean class="domain.Folder" id="folder17">
	<property name="name" value="out box" />
	<property name="isSystem" value="true" />
	<property name="messages">
		<list>
		</list>
	</property>
	</bean>
	
	<bean class="domain.Folder" id="folder18">
	<property name="name" value="out box" />
	<property name="isSystem" value="true" />
	<property name="messages">
		<list>
		</list>
	</property>
	</bean>	
	
	<bean class="domain.Folder" id="folder19">
	<property name="name" value="trash box" />
	<property name="isSystem" value="true" />
	<property name="messages">
		<list>
		</list>
	</property>
	</bean>
	
	<bean class="domain.Folder" id="folder20">
	<property name="name" value="trash box" />
	<property name="isSystem" value="true" />
	<property name="messages">
		<list>
		</list>
	</property>
	</bean>
	
	<bean class="domain.Folder" id="folder21">
	<property name="name" value="trash box" />
	<property name="isSystem" value="true" />
	<property name="messages">
		<list>
		</list>
	</property>
	</bean>
		
	<bean class="domain.Folder" id="folder22">
	<property name="name" value="trash box" />
	<property name="isSystem" value="true" />
	<property name="messages">
		<list>
		</list>
	</property>
	</bean>
	
	<bean class="domain.Folder" id="folder23">
	<property name="name" value="trash box" />
	<property name="isSystem" value="true" />
	<property name="messages">
		<list>
		</list>
	</property>
	</bean>
	
	<bean class="domain.Folder" id="folder24">
	<property name="name" value="trash box" />
	<property name="isSystem" value="true" />
	<property name="messages">
		<list>
		</list>
	</property>
	</bean>
	
	<bean class="domain.Folder" id="folder25">
	<property name="name" value="trash box" />
	<property name="isSystem" value="true" />
	<property name="messages">
		<list>
		</list>
	</property>
	</bean>
	
	<bean class="domain.Folder" id="folder26">
	<property name="name" value="trash box" />
	<property name="isSystem" value="true" />
	<property name="messages">
		<list>
		</list>
	</property>
	</bean>
	
	<bean class="domain.Folder" id="folder27">
	<property name="name" value="trash box" />
	<property name="isSystem" value="true" />
	<property name="messages">
		<list>
		</list>
	</property>
	</bean>	
	
<!-- COURSES -->
	<!-- Course1 -->
	<bean class="domain.Course" id="course1">
	<property name="title" value="Desarrollo Web Completo con HTML5 y CSS3" />
	<property name="description" value="En este curso aprenderás a desarrollar y programar una página web desde cero con un diseño atractivo y totalmente personalizado." />
	<property name="creationDate" value="2017/03/22" />
	<property name="photoURL" value="http://quochoc.vn/caches/cc_large/cou_avatar/2016/01_19/1c172081cde3a2d0cd6dc0c8ec18f7b3.png" />
	<property name="isClosed" value="false"/>
	<property name="creator" ref="teacher1"/>
	<property name="teachers">
		<list>
			<ref bean="teacher1" />
			<ref bean="teacher2" />
		</list>
	</property>
	<property name="lessons">
		<list>
			<ref bean="lesson1" />
		</list>
	</property>
	<property name="subscriptions">
		<list>
			<ref bean="subscription1" />
		</list>
	</property>
	<property name="category" ref="category2"/>
	<property name="advertisements">
		<list>
			<ref bean="advertisement1" />
			<ref bean="advertisement2" />
			<ref bean="advertisement3" />
		</list>
	</property>
	<property name="forum" ref="forum1" />
	<property name="exam" ref="exam1"/>
	</bean>
	
	
	
	
	
		<!-- Course2 -->
	<bean class="domain.Course" id="course2">
	<property name="title" value="Desarrollo de APIs REST" />
	<property name="description" value="En este curso aprenderás a crear una API REST utilizando java" />
	<property name="creationDate" value="2018/05/15" />
	<property name="photoURL" value="https://accessusergroups.org/access-latino/wp-content/uploads/sites/3/2018/03/ApiRest.png" />
	<property name="isClosed" value="false"/>
	<property name="creator" ref="teacher1"/>
	<property name="teachers">
		<list>
			<ref bean="teacher1" />
		</list>
	</property>
	<property name="lessons">
		<list>
		</list>
	</property>
	<property name="subscriptions">
		<list>
		</list>
	</property>
	<property name="category" ref="category2"/>
	<property name="advertisements">
		<list>
		</list>
	</property>
	<property name="forum" ref="forum2" />
	<property name="exam"> <null/></property>
	</bean>
	
	
			<!-- Course3 -->
	<bean class="domain.Course" id="course3">
	<property name="title" value="Curso de inglés B1" />
	<property name="description" value="En este curso aprenderás todo lo necesario para obtener el B1 en inglés" />
	<property name="creationDate" value="2011/02/10" />
	<property name="photoURL" value="" />
	<property name="isClosed" value="true"/>
	<property name="creator" ref="teacher2"/>
	<property name="teachers">
		<list>
			<ref bean="teacher2" />
		</list>
	</property>
	<property name="lessons">
		<list>
		<ref bean="lesson2" />
		<ref bean="lesson3" />
		</list>
	</property>
	<property name="subscriptions">
		<list>
		<ref bean="subscription2" />
		<ref bean="subscription3" />
		</list>
	</property>
	<property name="category" ref="category3"/>
	<property name="advertisements">
		<list>
		<ref bean="advertisement1" />
		</list>
	</property>
	<property name="forum" ref="forum3" />
	<property name="exam" ref="exam2"/>
	</bean>
	
	
	
<!-- LESSONS -->
	<!-- lesson1 -->
	<bean class="domain.Lesson" id="lesson1">
	<property name="title" value="Primeros pasos"/>
	<property name="creationDate" value="2017/03/22" />
	<property name="description" value="En esta lección daremos los primeros pasos para aprender a programar html. Manos a la obra!"/>
	<property name="body" value="En esta lección daremos los primeros pasos para aprender a programar html. Mírate el vídeo y si tienes dudas pregunta en el foro."/>
	<property name="photoURL" value="https://upload.wikimedia.org/wikipedia/commons/thumb/6/61/HTML5_logo_and_wordmark.svg/1200px-HTML5_logo_and_wordmark.svg.png"/>
	<property name="videoURL" value="https://www.youtube.com/embed/cqMfPS8jPys"/>
	<property name="course" ref="course1"/>
	<property name="teacher" ref="teacher1"/>
	<property name="students">
		<list>
		<ref bean="student1" />
		</list>
	</property>
	
	</bean>
	
	<!-- lesson2 -->
	<bean class="domain.Lesson" id="lesson2">
	<property name="title" value="Verbo to be"/>
	<property name="creationDate" value="2015/06/22" />
	<property name="description" value="En esta lección daremos el verbo to be y sus usos"/>
	<property name="body" value="El verbo to be (Ser/estar) es uno de los más importantes porque está presente en todo el..."/>
	<property name="photoURL" value=""/>
	<property name="videoURL" value=""/>
	<property name="course" ref="course3"/>
	<property name="teacher" ref="teacher2"/>
		<property name="students">
		<list>
		<ref bean="student2" />
		</list>
	</property>
	
	</bean>
	
	
	<!-- lesson3 -->
	<bean class="domain.Lesson" id="lesson3">
	<property name="title" value="El pasado simple"/>
	<property name="creationDate" value="2015/06/23" />
	<property name="description" value="En esta lección daremos el pasado simple y sus usos"/>
	<property name="body" value="El pasado simple del verbo to be es Was/Were dependiendo si es tercera persona o no..."/>
	<property name="photoURL" value=""/>
	<property name="videoURL" value="https://www.youtube.com/embed/tgbNymZ7vqY"/>
	<property name="course" ref="course3"/>
	<property name="teacher" ref="teacher2"/>
		<property name="students">
		<list>
		<ref bean="student2" />
		</list>
	</property>
	
	</bean>

<!-- EXAM -->
	<!-- Exam1 -->
	<bean class="domain.Exam" id="exam1">
	<property name="title" value="Examen curso 1"/>
	<property name="mark" value="100"/>
	<property name="examQuestions">
		<list>
			<ref bean="examQuestion1" />
		</list>
	</property>
	<property name="teacher" ref="teacher1"/>
	<property name="course" ref="course1"/>
	<property name="examPaper">
		<list>
			<ref bean="examPaper1" />
		</list>
	</property>
	</bean>
	
		<!-- Exam2 -->
	<bean class="domain.Exam" id="exam2">
	<property name="title" value="Examen de ingles"/>
	<property name="mark" value="100"/>
	<property name="examQuestions">
		<list>
			<ref bean="examQuestion2" />
			<ref bean="examQuestion3" />
		</list>
	</property>
	<property name="teacher" ref="teacher2"/>
	<property name="course" ref="course3"/>
	<property name="examPaper">
		<list>
			<ref bean="examPaper2" />
			<ref bean="examPaper3" />
		</list>
	</property>
	</bean>
	
<!-- EXAM PAPERS -->
	<!-- Exam Paper 1 -->
	<bean class="domain.ExamPaper" id="examPaper1">
	<property name="moment" value="2017/05/13 18:45" />
	<property name="mark" value="100"/>
	<property name="isFinished" value="false"/>
	<property name="exam" ref="exam1"/>
	<property name="certification" ref="certification1"/> 
	<property name="examAnswer">
		<list>
			<ref bean="examAnswer1" />
		</list>
	</property>
	<property name="student" ref="student1"/>
	</bean>
	
		<!-- Exam Paper 2 -->
	<bean class="domain.ExamPaper" id="examPaper2">
	<property name="moment" value="2017/05/13 18:45" />
	<property name="mark" value="20"/>
	<property name="isFinished" value="true"/>
	<property name="exam" ref="exam2"/> 
	<property name="examAnswer">
		<list>
			<ref bean="examAnswer2" />
		</list>
	</property>
	<property name="student" ref="student3"/>
	</bean>
	
			<!-- Exam Paper 3 -->
	<bean class="domain.ExamPaper" id="examPaper3">
	<property name="moment" value="2017/05/13 18:45" />
	<property name="mark" value="85"/>
	<property name="isFinished" value="true"/>
	<property name="exam" ref="exam2"/> 
	<property name="examAnswer">
		<list>
			<ref bean="examAnswer3" />
			<ref bean="examAnswer4" />
		</list>
	</property>
	<property name="student" ref="student2"/>
	</bean>
	
<!-- CERTIFICATIONS -->
	<!-- Certification1 -->
	<bean class="domain.Certification" id="certification1">
	<property name="ticker" value="ticker1"/>
	<property name="moment" value="2017/05/18"/>
	<property name="examPaper" ref="examPaper1"/>
	<property name="student" ref="student1"/>
	</bean>
	
<!-- EXAM ANSWERS -->
	<!-- Exam Answer 1 -->
	<bean class="domain.ExamAnswer" id="examAnswer1">
	<property name="mark" value="100"/>
	<property name="text" value="Esta es la respuesta correcta, quiero mis puntos."/>
	<property name="number" value="1"/>
	<property name="examPaper" ref="examPaper1"/>
	</bean>
	
	
		<!-- Exam Answer 2 -->
	<bean class="domain.ExamAnswer" id="examAnswer2">
	<property name="mark" value="100"/>
	<property name="text" value="No."/>
	<property name="number" value="2"/>
	<property name="examPaper" ref="examPaper2"/>
	</bean>
	
			<!-- Exam Answer 3 -->
	<bean class="domain.ExamAnswer" id="examAnswer3">
	<property name="mark" value="10"/>
	<property name="text" value="Maybe"/>
	<property name="number" value="3"/>
	<property name="examPaper" ref="examPaper3"/>
	</bean>
	
				<!-- Exam Answer 4 -->
	<bean class="domain.ExamAnswer" id="examAnswer4">
	<property name="mark" value="75"/>
	<property name="text" value="Minecraft"/>
	<property name="number" value="4"/>
	<property name="examPaper" ref="examPaper3"/>
	</bean>
	
	
	
<!-- EXAM QUESTIONS -->
	<!-- Exam Question 1 -->
	<bean class="domain.ExamQuestion" id="examQuestion1">
	<property name="statement" value="¿Qué crees que hay que responder en esta pregunta?"/>
	<property name="maxScore" value="100"/>
	<property name="photoURL" value="http://images.slideplayer.es/42/11423160/slides/slide_2.jpg"/>
	<property name="number" value="1"/>
	<property name="answer" value="Esta es la respuesta correcta, quiero mis puntos."/>
	<property name="exam" ref="exam1"/>
	</bean>
	
		<!-- Exam Question 2 -->
	<bean class="domain.ExamQuestion" id="examQuestion2">
	<property name="statement" value="Do you believe in magic?"/>
	<property name="maxScore" value="50"/>
	<property name="photoURL" value=""/>
	<property name="number" value="2"/>
	<property name="answer" value="Yes"/>
	<property name="exam" ref="exam2"/>
	</bean>
	
	
			<!-- Exam Question 3 -->
	<bean class="domain.ExamQuestion" id="examQuestion3">
	<property name="statement" value="What do you like to play?"/>
	<property name="maxScore" value="50"/>
	<property name="photoURL" value="https://upload.wikimedia.org/wikipedia/commons/thumb/9/98/International_Pok%C3%A9mon_logo.svg/1200px-International_Pok%C3%A9mon_logo.svg.png"/>
	<property name="number" value="1"/>
	<property name="answer" value="Pokemon"/>
	<property name="exam" ref="exam2"/>
	</bean>
	
	
<!-- FORUMS -->
	<!-- Forum1 -->
	<bean class="domain.Forum" id="forum1">
	<property name="course" ref="course1"/>
	<property name="questions">
		<list>
			<ref bean="question1" />  
		</list>
	</property>
	</bean>
	
	
	<!-- Forum2 -->
	<bean class="domain.Forum" id="forum2">
	<property name="course" ref="course2"/>
	<property name="questions">
		<list>
		</list>
	</property>
	</bean>
	
		<!-- Forum3 -->
	<bean class="domain.Forum" id="forum3">
	<property name="course" ref="course3"/>
	<property name="questions">
		<list>
	<ref bean="question2" />  
	<ref bean="question3" />  
		</list>
	</property>
	</bean>

<!-- QUESTIONS -->	
	<!-- Question1 -->
	<bean class="domain.Question" id="question1">
	<property name="title" value="Comentarios html"/>
	<property name="question" value="¿Sabéis cómo poner un heading 1?"/>
	<property name="moment" value="2017/10/19 08:35"/>
	<property name="photoURL" value=""/>
	<property name="isAnswered" value="true"/>
	<property name="forum" ref="forum1"/>
	<property name="student" ref="student1"/>
	<property name="answers">
		<list>
			<ref bean="answer1" />  
			<ref bean="answer2" />  
		</list>
	</property>
	</bean>
	
	
		<!-- Question2 -->
	<bean class="domain.Question" id="question2">
	<property name="title" value="Meaning of DP"/>
	<property name="question" value="What's the meaning of DP?"/>
	<property name="moment" value="2016/10/14 08:35"/>
	<property name="photoURL" value="https://previews.123rf.com/images/mayrum/mayrum1407/mayrum140700029/31646119-web-proceso-de-desarrollo-de-concepto-la-planificaci%C3%B3n-dise%C3%B1o-desarrollo-pruebas-puesta-en-marcha-vector-p.jpg"/>
	<property name="isAnswered" value="false"/>
	<property name="forum" ref="forum3"/>
	<property name="student" ref="student1"/>
	<property name="answers">
		<list>
		<ref bean="answer4" /> 
		<ref bean="answer5" /> 
		</list>
	</property>
	</bean>
	
	
				<!-- Question3 -->
	<bean class="domain.Question" id="question3">
	<property name="title" value="Diference between listen and hear?"/>
	<property name="question" value="I don't know the diference between listen and hear. Do they have the same meaning?"/>
	<property name="moment" value="2016/10/14 12:32"/>
	<property name="photoURL" value=""/>
	<property name="isAnswered" value="true"/>
	<property name="forum" ref="forum3"/>
	<property name="student" ref="student1"/>
	<property name="answers">
		<list>
		<ref bean="answer3" />  
		</list>
	</property>
	</bean>
	
<!-- ANSWERS -->	
	<!-- Answer1 -->
	<bean class="domain.Answer" id="answer1">
	<property name="text" value="Sí, con h1"/>
	<property name="moment" value="2017/10/19 22:40"/>
	<property name="photoURL" value=""/>
	<property name="isSolution" value="true"/>
	<property name="question" ref="question1"/>
	<property name="actor" ref="student2"/>
	</bean>
	
	<!-- Answer2 -->
	<bean class="domain.Answer" id="answer2">
	<property name="text" value="Sí, con hh1"/>
	<property name="moment" value="2017/10/19 11:40"/>
	<property name="photoURL" value=""/>
	<property name="isSolution" value="false"/>
	<property name="question" ref="question1"/>
	<property name="actor" ref="student3"/>
	</bean>
	
		
	<!-- Answer3 -->
	<bean class="domain.Answer" id="answer3">
	<property name="text" value="No, the meaning is different. You must use listen when you pay attention."/>
	<property name="moment" value="2016/10/19 11:40"/>
	<property name="photoURL" value=""/>
	<property name="isSolution" value="true"/>
	<property name="question" ref="question3"/>
	<property name="actor" ref="teacher2"/>
	</bean>
	
	
	<!-- Answer4 -->
	<bean class="domain.Answer" id="answer4">
	<property name="text" value="The meaning is Do Planning"/>
	<property name="moment" value="2016/10/20 10:20"/>
	<property name="photoURL" value=""/>
	<property name="isSolution" value="false"/>
	<property name="question" ref="question2"/>
	<property name="actor" ref="student2"/>
	</bean>
	
	
	<!-- Answer5 -->
	<bean class="domain.Answer" id="answer5">
	<property name="text" value="Probably something related to software"/>
	<property name="moment" value="2016/10/21 10:50"/>
	<property name="photoURL" value=""/>
	<property name="isSolution" value="false"/>
	<property name="question" ref="question2"/>
	<property name="actor" ref="student3"/>
	</bean>

<!-- SUBSCRIPTIONS -->	
	<!-- Subscription1 -->
	<bean class="domain.Subscription" id="subscription1">
	<property name="creditCard" ref="creditCard1"/>
	<property name="subscriptionType" value="STANDARD"/>
	<property name="course" ref="course1"/>
	<property name="student" ref="student1"/>
	</bean>
	
	<!-- Subscription2 -->
	<bean class="domain.Subscription" id="subscription2">
	<property name="creditCard" ref="creditCard2"/>
	<property name="subscriptionType" value="PREMIUM"/>
	<property name="course" ref="course3"/>
	<property name="student" ref="student1"/>
	</bean>
	
		<!-- Subscription3 -->
	<bean class="domain.Subscription" id="subscription3">
	<property name="creditCard" ref="creditCard3"/>
	<property name="subscriptionType" value="FREE"/>
	<property name="course" ref="course3"/>
	<property name="student" ref="student2"/>
	</bean>
	
<!-- CATEGORIES -->	
	<!-- Category1 -->		
	<bean class="domain.Category" id="category1">
	<property name="name" value="CATEGORY" />	
	<property name="parentCategories">
	<list>
	</list>
	</property>
	<property name="childCategories">
	<list>
	<ref bean="category2" />
	<ref bean="category3"/>
	</list>
	</property>
	<property name="courses">
	<list>
	</list>
	</property>
	</bean>		
	
	<!-- Category2 -->
	<bean class="domain.Category" id="category2">
	<property name="name" value="Web"/>
	<property name="parentCategories">
	<list>
	<ref bean="category1" />
	</list>
	</property>
	<property name="childCategories">
	<list>
	</list>
	</property>
	<property name="courses">
	<list>
	<ref bean="course1"/>
	<ref bean="course2"/>
	</list>
	</property>
	</bean>
	
	<!-- Category3 -->
	<bean class="domain.Category" id="category3">
	<property name="name" value="Languajes"/>
	<property name="parentCategories">
	<list>
	<ref bean="category1" />
	</list>
	</property>
	<property name="childCategories">
	<list>
	<ref bean="category4"/>
	</list>
	</property>
	<property name="courses">
	<list>
	<ref bean="course3"/>
	</list>
	</property>
	</bean>
	
	<!-- Category4 -->
	<bean class="domain.Category" id="category4">
	<property name="name" value="English"/>
	<property name="parentCategories">
	<list>
	<ref bean="category3"/>
	</list>
	</property>
	<property name="childCategories">
	<list>
	</list>
	</property>
	<property name="courses">
	<list>
 	<ref bean="course3"/>
	</list>
	</property>
	</bean>
	
</beans>