<?xml version="1.0" encoding="UTF-8"?>

<!-- 
 * converters.xml
 *
 * Copyright (C) 2017 Universidad de Sevilla
 * 
 * The use of this project is hereby constrained to the conditions of the 
 * TDG Licence, a copy of which you may download from 
 * http://www.tdg-seville.info/License.html
 -->

<beans xmlns="http://www.springframework.org/schema/beans"
	xmlns:xsi="http://www.w3.org/2001/XMLSchema-instance" xmlns:util="http://www.springframework.org/schema/util"
	xsi:schemaLocation="
		http://www.springframework.org/schema/beans http://www.springframework.org/schema/beans/spring-beans-4.0.xsd		
		http://www.springframework.org/schema/util http://www.springframework.org/schema/util/spring-util-4.0.xsd		
	">

	<util:list id="converters">
		<!-- 
			Add your own converters using entries of the following form: 
			<bean class="converters.Class1ToClass2" /> 
		-->
		<bean class="converters.CategoryToStringConverter"/>
		<bean class="converters.StringToCategoryConverter"/>
		<bean class="converters.CourseToStringConverter"/>
		<bean class="converters.StringToCourseConverter"/>
		<bean class="converters.CurriculumToStringConverter"/>
		<bean class="converters.StringToCurriculumConverter"/>
		<bean class="converters.EducationRecordToStringConverter"/>
		<bean class="converters.StringToEducationRecordConverter"/>
		<bean class="converters.MiscellaneousRecordToStringConverter"/>
		<bean class="converters.StringToMiscellaneousRecordConverter"/>
		<bean class="converters.PersonalRecordToStringConverter"/>
		<bean class="converters.StringToPersonalRecordConverter"/>
		<bean class="converters.ProfessionalRecordToStringConverter"/>
		<bean class="converters.StringToProfessionalRecordConverter"/>
		<bean class="converters.TeacherToStringConverter"/>
		<bean class="converters.StringToTeacherConverter"/>
		<bean class="converters.ForumToStringConverter"/>
		<bean class="converters.StringToForumConverter"/>
		<bean class="converters.QuestionToStringConverter"/>
		<bean class="converters.StringToQuestionConverter"/>
		<bean class="converters.AnswerToStringConverter"/>
		<bean class="converters.StringToAnswerConverter"/>
		<bean class="converters.StringToActorConverter"/>
		<bean class="converters.ActorToStringConverter"/>
		<bean class="converters.StringToFolderConverter"/>
		<bean class="converters.FolderToStringConverter"/>
		<bean class="converters.StudentToStringConverter"/>
		<bean class="converters.StringToStudentConverter"/>
		<bean class="converters.ExamToStringConverter"/>
		<bean class="converters.StringToExamConverter"/>
		<bean class="converters.ExamQuestionToStringConverter"/>
		<bean class="converters.StringToExamQuestionConverter"/>
		<bean class="converters.ExamPaperToStringConverter"/>
		<bean class="converters.StringToExamPaperConverter"/>
		<bean class="converters.ExamAnswerToStringConverter"/>
		<bean class="converters.StringToExamAnswerConverter"/>

		
	</util:list>
	
</beans>