<?xml version="1.0" encoding="UTF-8"?>

<!-- 
 * i18n-l10n.xml
 *
 * Copyright (C) 2017 Universidad de Sevilla
 * 
 * The use of this project is hereby constrained to the conditions of the 
 * TDG Licence, a copy of which you may download from 
 * http://www.tdg-seville.info/License.html
 -->

<beans xmlns="http://www.springframework.org/schema/beans"
	xmlns:xsi="http://www.w3.org/2001/XMLSchema-instance" xmlns:util="http://www.springframework.org/schema/util"
	xsi:schemaLocation="
		http://www.springframework.org/schema/beans http://www.springframework.org/schema/beans/spring-beans-4.0.xsd
		http://www.springframework.org/schema/util http://www.springframework.org/schema/util/spring-util-4.0.xsd 
	">

	<util:list id="messages">
		<value>/views/master-page/messages</value>
		<value>/views/misc/messages</value>
		<value>/views/security/messages</value>		
		<value>/views/welcome/messages</value>
		<value>/views/admin/messages</value>
		<value>/views/actor/messages</value>
		<value>/views/teacher/messages</value>
		<value>/views/category/messages</value>
		<value>/views/course/messages</value>
		<value>/views/lesson/messages</value>
		<value>/views/curriculum/messages</value>
		<value>/views/educationRecord/messages</value>
		<value>/views/miscellaneousRecord/messages</value>
		<value>/views/professionalRecord/messages</value>
		<value>/views/advertisement/messages</value>
		<value>/views/forum/messages</value>
		<value>/views/question/messages</value>
		<value>/views/answer/messages</value>
		<value>/views/folder/messages</value>
		<value>/views/datatables/messages</value>
		<value>/views/message/messages</value>
		<value>/views/subscription/messages</value>
		<value>/views/customisation/messages</value>
		<value>/views/tutorial/messages</value>
		<value>/views/exam/messages</value>
		<value>/views/examQuestion/messages</value>
		<value>/views/examPaper/messages</value>
		<value>/views/examAnswer/messages</value>
		<value>/views/admin/messages</value>
		<value>/views/ranking/messages</value>
		<value>/views/certification/messages</value>

	</util:list>

</beans>